<?xml version="1.0" encoding="UTF-8"?>
<DocSetNodes version="1.0">
    <TOC>
        <Node type="folder">
            <Name>IFlyMSC</Name>
            <Path>index.html</Path>
			<Subnodes>
                
				
				<Node type="folder">
					<Name>Classes</Name>
					<Path>index.html</Path>
					<Subnodes>
						<NodeRef refid="1"/>
						<NodeRef refid="2"/>
						<NodeRef refid="3"/>
						<NodeRef refid="4"/>
						<NodeRef refid="5"/>
						<NodeRef refid="6"/>
						<NodeRef refid="7"/>
						<NodeRef refid="8"/>
						<NodeRef refid="9"/>
						<NodeRef refid="10"/>
						<NodeRef refid="11"/>
						<NodeRef refid="12"/>
						<NodeRef refid="13"/>
						<NodeRef refid="14"/>
						<NodeRef refid="15"/>
						<NodeRef refid="16"/>
						<NodeRef refid="17"/>
						
					</Subnodes>
				</Node>
				
				
                
				<Node>
					<Name>Protocols</Name>
					<Path>index.html</Path>
					<Subnodes>
						<NodeRef refid="18"/>
						<NodeRef refid="19"/>
						<NodeRef refid="20"/>
						<NodeRef refid="21"/>
						<NodeRef refid="22"/>
						<NodeRef refid="23"/>
						<NodeRef refid="24"/>
						
					</Subnodes>
				</Node>
				
                
				<Node>
					<Name>Constants</Name>
					<Path>index.html</Path>
					<Subnodes>
						<NodeRef refid="25"/>
						<NodeRef refid="26"/>
						<NodeRef refid="27"/>
						<NodeRef refid="28"/>
						
					</Subnodes>
				</Node>
				
                
                <Node>
                    <Name>Blocks</Name>
                    <Path>index.html</Path>
                    <Subnodes>
                        <NodeRef refid="29"/>
                        <NodeRef refid="30"/>
                        <NodeRef refid="31"/>
                        
                    </Subnodes>
                </Node>
                
			</Subnodes>
        </Node>
    </TOC>
	<Library>
		
		<Node id="1" type="file" documentType="reference">
            <Name>IFlyContact</Name>
            <Path>Classes/IFlyContact.html</Path>
            
                <Subnodes>
                <Node type="section">
                    <Path>Classes/IFlyContact.html</Path>
                    <Name>Overview</Name>
                    <Anchor>overview</Anchor>
                </Node>
                <Node type="section">
                    <Path>Classes/IFlyContact.html</Path>
                    <Name>Tasks</Name>
                    <Anchor>tasks</Anchor>
                </Node>
                
                
                
                <Node type="section">
                    <Path>Classes/IFlyContact.html</Path>
                    <Name>Instance Methods</Name>
                    <Anchor>instance_methods</Anchor>
                </Node>
                
            </Subnodes>
            
        </Node>
		<Node id="2" type="file" documentType="reference">
            <Name>IFlyDataUploader</Name>
            <Path>Classes/IFlyDataUploader.html</Path>
            
                <Subnodes>
                <Node type="section">
                    <Path>Classes/IFlyDataUploader.html</Path>
                    <Name>Overview</Name>
                    <Anchor>overview</Anchor>
                </Node>
                <Node type="section">
                    <Path>Classes/IFlyDataUploader.html</Path>
                    <Name>Tasks</Name>
                    <Anchor>tasks</Anchor>
                </Node>
                
                <Node type="section">
                    <Path>Classes/IFlyDataUploader.html</Path>
                    <Name>Properties</Name>
                    <Anchor>properties</Anchor>
                </Node>
                
                
                
                <Node type="section">
                    <Path>Classes/IFlyDataUploader.html</Path>
                    <Name>Instance Methods</Name>
                    <Anchor>instance_methods</Anchor>
                </Node>
                
            </Subnodes>
            
        </Node>
		<Node id="3" type="file" documentType="reference">
            <Name>IFlyDebugLog</Name>
            <Path>Classes/IFlyDebugLog.html</Path>
            
                <Subnodes>
                <Node type="section">
                    <Path>Classes/IFlyDebugLog.html</Path>
                    <Name>Overview</Name>
                    <Anchor>overview</Anchor>
                </Node>
                <Node type="section">
                    <Path>Classes/IFlyDebugLog.html</Path>
                    <Name>Tasks</Name>
                    <Anchor>tasks</Anchor>
                </Node>
                
                
                <Node type="section">
                    <Path>Classes/IFlyDebugLog.html</Path>
                    <Name>Class Methods</Name>
                    <Anchor>class_methods</Anchor>
                </Node>
                
                
            </Subnodes>
            
        </Node>
		<Node id="4" type="file" documentType="reference">
            <Name>IFlyISVRecognizer</Name>
            <Path>Classes/IFlyISVRecognizer.html</Path>
            
        </Node>
		<Node id="5" type="file" documentType="reference">
            <Name>IFlyPcmRecorder</Name>
            <Path>Classes/IFlyPcmRecorder.html</Path>
            
                <Subnodes>
                <Node type="section">
                    <Path>Classes/IFlyPcmRecorder.html</Path>
                    <Name>Overview</Name>
                    <Anchor>overview</Anchor>
                </Node>
                <Node type="section">
                    <Path>Classes/IFlyPcmRecorder.html</Path>
                    <Name>Tasks</Name>
                    <Anchor>tasks</Anchor>
                </Node>
                
                <Node type="section">
                    <Path>Classes/IFlyPcmRecorder.html</Path>
                    <Name>Properties</Name>
                    <Anchor>properties</Anchor>
                </Node>
                
                
                <Node type="section">
                    <Path>Classes/IFlyPcmRecorder.html</Path>
                    <Name>Class Methods</Name>
                    <Anchor>class_methods</Anchor>
                </Node>
                
                
                <Node type="section">
                    <Path>Classes/IFlyPcmRecorder.html</Path>
                    <Name>Instance Methods</Name>
                    <Anchor>instance_methods</Anchor>
                </Node>
                
            </Subnodes>
            
        </Node>
		<Node id="6" type="file" documentType="reference">
            <Name>IFlyRecognizerView</Name>
            <Path>Classes/IFlyRecognizerView.html</Path>
            
                <Subnodes>
                <Node type="section">
                    <Path>Classes/IFlyRecognizerView.html</Path>
                    <Name>Overview</Name>
                    <Anchor>overview</Anchor>
                </Node>
                <Node type="section">
                    <Path>Classes/IFlyRecognizerView.html</Path>
                    <Name>Tasks</Name>
                    <Anchor>tasks</Anchor>
                </Node>
                
                <Node type="section">
                    <Path>Classes/IFlyRecognizerView.html</Path>
                    <Name>Properties</Name>
                    <Anchor>properties</Anchor>
                </Node>
                
                
                
                <Node type="section">
                    <Path>Classes/IFlyRecognizerView.html</Path>
                    <Name>Instance Methods</Name>
                    <Anchor>instance_methods</Anchor>
                </Node>
                
            </Subnodes>
            
        </Node>
		<Node id="7" type="file" documentType="reference">
            <Name>IFlyResourceUtil</Name>
            <Path>Classes/IFlyResourceUtil.html</Path>
            
                <Subnodes>
                <Node type="section">
                    <Path>Classes/IFlyResourceUtil.html</Path>
                    <Name>Overview</Name>
                    <Anchor>overview</Anchor>
                </Node>
                <Node type="section">
                    <Path>Classes/IFlyResourceUtil.html</Path>
                    <Name>Tasks</Name>
                    <Anchor>tasks</Anchor>
                </Node>
                
                
                <Node type="section">
                    <Path>Classes/IFlyResourceUtil.html</Path>
                    <Name>Class Methods</Name>
                    <Anchor>class_methods</Anchor>
                </Node>
                
                
            </Subnodes>
            
        </Node>
		<Node id="8" type="file" documentType="reference">
            <Name>IFlySetting</Name>
            <Path>Classes/IFlySetting.html</Path>
            
                <Subnodes>
                <Node type="section">
                    <Path>Classes/IFlySetting.html</Path>
                    <Name>Overview</Name>
                    <Anchor>overview</Anchor>
                </Node>
                <Node type="section">
                    <Path>Classes/IFlySetting.html</Path>
                    <Name>Tasks</Name>
                    <Anchor>tasks</Anchor>
                </Node>
                
                
                <Node type="section">
                    <Path>Classes/IFlySetting.html</Path>
                    <Name>Class Methods</Name>
                    <Anchor>class_methods</Anchor>
                </Node>
                
                
            </Subnodes>
            
        </Node>
		<Node id="9" type="file" documentType="reference">
            <Name>IFlySpeechConstant</Name>
            <Path>Classes/IFlySpeechConstant.html</Path>
            
                <Subnodes>
                <Node type="section">
                    <Path>Classes/IFlySpeechConstant.html</Path>
                    <Name>Overview</Name>
                    <Anchor>overview</Anchor>
                </Node>
                <Node type="section">
                    <Path>Classes/IFlySpeechConstant.html</Path>
                    <Name>Tasks</Name>
                    <Anchor>tasks</Anchor>
                </Node>
                
                
                <Node type="section">
                    <Path>Classes/IFlySpeechConstant.html</Path>
                    <Name>Class Methods</Name>
                    <Anchor>class_methods</Anchor>
                </Node>
                
                
            </Subnodes>
            
        </Node>
		<Node id="10" type="file" documentType="reference">
            <Name>IFlySpeechError</Name>
            <Path>Classes/IFlySpeechError.html</Path>
            
                <Subnodes>
                <Node type="section">
                    <Path>Classes/IFlySpeechError.html</Path>
                    <Name>Overview</Name>
                    <Anchor>overview</Anchor>
                </Node>
                <Node type="section">
                    <Path>Classes/IFlySpeechError.html</Path>
                    <Name>Tasks</Name>
                    <Anchor>tasks</Anchor>
                </Node>
                
                <Node type="section">
                    <Path>Classes/IFlySpeechError.html</Path>
                    <Name>Properties</Name>
                    <Anchor>properties</Anchor>
                </Node>
                
                
                <Node type="section">
                    <Path>Classes/IFlySpeechError.html</Path>
                    <Name>Class Methods</Name>
                    <Anchor>class_methods</Anchor>
                </Node>
                
                
                <Node type="section">
                    <Path>Classes/IFlySpeechError.html</Path>
                    <Name>Instance Methods</Name>
                    <Anchor>instance_methods</Anchor>
                </Node>
                
            </Subnodes>
            
        </Node>
		<Node id="11" type="file" documentType="reference">
            <Name>IFlySpeechEvaluator</Name>
            <Path>Classes/IFlySpeechEvaluator.html</Path>
            
                <Subnodes>
                <Node type="section">
                    <Path>Classes/IFlySpeechEvaluator.html</Path>
                    <Name>Overview</Name>
                    <Anchor>overview</Anchor>
                </Node>
                <Node type="section">
                    <Path>Classes/IFlySpeechEvaluator.html</Path>
                    <Name>Tasks</Name>
                    <Anchor>tasks</Anchor>
                </Node>
                
                <Node type="section">
                    <Path>Classes/IFlySpeechEvaluator.html</Path>
                    <Name>Properties</Name>
                    <Anchor>properties</Anchor>
                </Node>
                
                
                <Node type="section">
                    <Path>Classes/IFlySpeechEvaluator.html</Path>
                    <Name>Class Methods</Name>
                    <Anchor>class_methods</Anchor>
                </Node>
                
                
                <Node type="section">
                    <Path>Classes/IFlySpeechEvaluator.html</Path>
                    <Name>Instance Methods</Name>
                    <Anchor>instance_methods</Anchor>
                </Node>
                
            </Subnodes>
            
        </Node>
		<Node id="12" type="file" documentType="reference">
            <Name>IFlySpeechRecognizer</Name>
            <Path>Classes/IFlySpeechRecognizer.html</Path>
            
                <Subnodes>
                <Node type="section">
                    <Path>Classes/IFlySpeechRecognizer.html</Path>
                    <Name>Overview</Name>
                    <Anchor>overview</Anchor>
                </Node>
                <Node type="section">
                    <Path>Classes/IFlySpeechRecognizer.html</Path>
                    <Name>Tasks</Name>
                    <Anchor>tasks</Anchor>
                </Node>
                
                <Node type="section">
                    <Path>Classes/IFlySpeechRecognizer.html</Path>
                    <Name>Properties</Name>
                    <Anchor>properties</Anchor>
                </Node>
                
                
                <Node type="section">
                    <Path>Classes/IFlySpeechRecognizer.html</Path>
                    <Name>Class Methods</Name>
                    <Anchor>class_methods</Anchor>
                </Node>
                
                
                <Node type="section">
                    <Path>Classes/IFlySpeechRecognizer.html</Path>
                    <Name>Instance Methods</Name>
                    <Anchor>instance_methods</Anchor>
                </Node>
                
            </Subnodes>
            
        </Node>
		<Node id="13" type="file" documentType="reference">
            <Name>IFlySpeechSynthesizer</Name>
            <Path>Classes/IFlySpeechSynthesizer.html</Path>
            
                <Subnodes>
                <Node type="section">
                    <Path>Classes/IFlySpeechSynthesizer.html</Path>
                    <Name>Overview</Name>
                    <Anchor>overview</Anchor>
                </Node>
                <Node type="section">
                    <Path>Classes/IFlySpeechSynthesizer.html</Path>
                    <Name>Tasks</Name>
                    <Anchor>tasks</Anchor>
                </Node>
                
                <Node type="section">
                    <Path>Classes/IFlySpeechSynthesizer.html</Path>
                    <Name>Properties</Name>
                    <Anchor>properties</Anchor>
                </Node>
                
                
                <Node type="section">
                    <Path>Classes/IFlySpeechSynthesizer.html</Path>
                    <Name>Class Methods</Name>
                    <Anchor>class_methods</Anchor>
                </Node>
                
                
                <Node type="section">
                    <Path>Classes/IFlySpeechSynthesizer.html</Path>
                    <Name>Instance Methods</Name>
                    <Anchor>instance_methods</Anchor>
                </Node>
                
            </Subnodes>
            
        </Node>
		<Node id="14" type="file" documentType="reference">
            <Name>IFlySpeechUnderstander</Name>
            <Path>Classes/IFlySpeechUnderstander.html</Path>
            
                <Subnodes>
                <Node type="section">
                    <Path>Classes/IFlySpeechUnderstander.html</Path>
                    <Name>Overview</Name>
                    <Anchor>overview</Anchor>
                </Node>
                <Node type="section">
                    <Path>Classes/IFlySpeechUnderstander.html</Path>
                    <Name>Tasks</Name>
                    <Anchor>tasks</Anchor>
                </Node>
                
                <Node type="section">
                    <Path>Classes/IFlySpeechUnderstander.html</Path>
                    <Name>Properties</Name>
                    <Anchor>properties</Anchor>
                </Node>
                
                
                <Node type="section">
                    <Path>Classes/IFlySpeechUnderstander.html</Path>
                    <Name>Class Methods</Name>
                    <Anchor>class_methods</Anchor>
                </Node>
                
                
                <Node type="section">
                    <Path>Classes/IFlySpeechUnderstander.html</Path>
                    <Name>Instance Methods</Name>
                    <Anchor>instance_methods</Anchor>
                </Node>
                
            </Subnodes>
            
        </Node>
		<Node id="15" type="file" documentType="reference">
            <Name>IFlySpeechUtility</Name>
            <Path>Classes/IFlySpeechUtility.html</Path>
            
                <Subnodes>
                <Node type="section">
                    <Path>Classes/IFlySpeechUtility.html</Path>
                    <Name>Overview</Name>
                    <Anchor>overview</Anchor>
                </Node>
                <Node type="section">
                    <Path>Classes/IFlySpeechUtility.html</Path>
                    <Name>Tasks</Name>
                    <Anchor>tasks</Anchor>
                </Node>
                
                <Node type="section">
                    <Path>Classes/IFlySpeechUtility.html</Path>
                    <Name>Properties</Name>
                    <Anchor>properties</Anchor>
                </Node>
                
                
                <Node type="section">
                    <Path>Classes/IFlySpeechUtility.html</Path>
                    <Name>Class Methods</Name>
                    <Anchor>class_methods</Anchor>
                </Node>
                
                
                <Node type="section">
                    <Path>Classes/IFlySpeechUtility.html</Path>
                    <Name>Instance Methods</Name>
                    <Anchor>instance_methods</Anchor>
                </Node>
                
            </Subnodes>
            
        </Node>
		<Node id="16" type="file" documentType="reference">
            <Name>IFlyTextUnderstander</Name>
            <Path>Classes/IFlyTextUnderstander.html</Path>
            
                <Subnodes>
                <Node type="section">
                    <Path>Classes/IFlyTextUnderstander.html</Path>
                    <Name>Overview</Name>
                    <Anchor>overview</Anchor>
                </Node>
                <Node type="section">
                    <Path>Classes/IFlyTextUnderstander.html</Path>
                    <Name>Tasks</Name>
                    <Anchor>tasks</Anchor>
                </Node>
                
                <Node type="section">
                    <Path>Classes/IFlyTextUnderstander.html</Path>
                    <Name>Properties</Name>
                    <Anchor>properties</Anchor>
                </Node>
                
                
                
                <Node type="section">
                    <Path>Classes/IFlyTextUnderstander.html</Path>
                    <Name>Instance Methods</Name>
                    <Anchor>instance_methods</Anchor>
                </Node>
                
            </Subnodes>
            
        </Node>
		<Node id="17" type="file" documentType="reference">
            <Name>IFlyUserWords</Name>
            <Path>Classes/IFlyUserWords.html</Path>
            
                <Subnodes>
                <Node type="section">
                    <Path>Classes/IFlyUserWords.html</Path>
                    <Name>Overview</Name>
                    <Anchor>overview</Anchor>
                </Node>
                <Node type="section">
                    <Path>Classes/IFlyUserWords.html</Path>
                    <Name>Tasks</Name>
                    <Anchor>tasks</Anchor>
                </Node>
                
                
                
                <Node type="section">
                    <Path>Classes/IFlyUserWords.html</Path>
                    <Name>Instance Methods</Name>
                    <Anchor>instance_methods</Anchor>
                </Node>
                
            </Subnodes>
            
        </Node>
		
		
        <Node id="18" type="file" documentType="reference">
            <Name>IFlyISVDelegate</Name>
            <Path>Protocols/IFlyISVDelegate.html</Path>
            
                <Subnodes>
                <Node type="section">
                    <Path>Protocols/IFlyISVDelegate.html</Path>
                    <Name>Overview</Name>
                    <Anchor>overview</Anchor>
                </Node>
                <Node type="section">
                    <Path>Protocols/IFlyISVDelegate.html</Path>
                    <Name>Tasks</Name>
                    <Anchor>tasks</Anchor>
                </Node>
                
                
                
                <Node type="section">
                    <Path>Protocols/IFlyISVDelegate.html</Path>
                    <Name>Instance Methods</Name>
                    <Anchor>instance_methods</Anchor>
                </Node>
                
            </Subnodes>
            
        </Node>
		<Node id="19" type="file" documentType="reference">
            <Name>IFlyPcmRecorderDelegate</Name>
            <Path>Protocols/IFlyPcmRecorderDelegate.html</Path>
            
                <Subnodes>
                <Node type="section">
                    <Path>Protocols/IFlyPcmRecorderDelegate.html</Path>
                    <Name>Overview</Name>
                    <Anchor>overview</Anchor>
                </Node>
                <Node type="section">
                    <Path>Protocols/IFlyPcmRecorderDelegate.html</Path>
                    <Name>Tasks</Name>
                    <Anchor>tasks</Anchor>
                </Node>
                
                
                
                <Node type="section">
                    <Path>Protocols/IFlyPcmRecorderDelegate.html</Path>
                    <Name>Instance Methods</Name>
                    <Anchor>instance_methods</Anchor>
                </Node>
                
            </Subnodes>
            
        </Node>
		<Node id="20" type="file" documentType="reference">
            <Name>IFlyRecognizerViewDelegate</Name>
            <Path>Protocols/IFlyRecognizerViewDelegate.html</Path>
            
                <Subnodes>
                <Node type="section">
                    <Path>Protocols/IFlyRecognizerViewDelegate.html</Path>
                    <Name>Overview</Name>
                    <Anchor>overview</Anchor>
                </Node>
                <Node type="section">
                    <Path>Protocols/IFlyRecognizerViewDelegate.html</Path>
                    <Name>Tasks</Name>
                    <Anchor>tasks</Anchor>
                </Node>
                
                
                
                <Node type="section">
                    <Path>Protocols/IFlyRecognizerViewDelegate.html</Path>
                    <Name>Instance Methods</Name>
                    <Anchor>instance_methods</Anchor>
                </Node>
                
            </Subnodes>
            
        </Node>
		<Node id="21" type="file" documentType="reference">
            <Name>IFlySpeechEvaluatorDelegate</Name>
            <Path>Protocols/IFlySpeechEvaluatorDelegate.html</Path>
            
                <Subnodes>
                <Node type="section">
                    <Path>Protocols/IFlySpeechEvaluatorDelegate.html</Path>
                    <Name>Overview</Name>
                    <Anchor>overview</Anchor>
                </Node>
                <Node type="section">
                    <Path>Protocols/IFlySpeechEvaluatorDelegate.html</Path>
                    <Name>Tasks</Name>
                    <Anchor>tasks</Anchor>
                </Node>
                
                
                
                <Node type="section">
                    <Path>Protocols/IFlySpeechEvaluatorDelegate.html</Path>
                    <Name>Instance Methods</Name>
                    <Anchor>instance_methods</Anchor>
                </Node>
                
            </Subnodes>
            
        </Node>
		<Node id="22" type="file" documentType="reference">
            <Name>IFlySpeechRecognizerDelegate</Name>
            <Path>Protocols/IFlySpeechRecognizerDelegate.html</Path>
            
                <Subnodes>
                <Node type="section">
                    <Path>Protocols/IFlySpeechRecognizerDelegate.html</Path>
                    <Name>Overview</Name>
                    <Anchor>overview</Anchor>
                </Node>
                <Node type="section">
                    <Path>Protocols/IFlySpeechRecognizerDelegate.html</Path>
                    <Name>Tasks</Name>
                    <Anchor>tasks</Anchor>
                </Node>
                
                
                
                <Node type="section">
                    <Path>Protocols/IFlySpeechRecognizerDelegate.html</Path>
                    <Name>Instance Methods</Name>
                    <Anchor>instance_methods</Anchor>
                </Node>
                
            </Subnodes>
            
        </Node>
		<Node id="23" type="file" documentType="reference">
            <Name>IFlySpeechSynthesizerDelegate</Name>
            <Path>Protocols/IFlySpeechSynthesizerDelegate.html</Path>
            
                <Subnodes>
                <Node type="section">
                    <Path>Protocols/IFlySpeechSynthesizerDelegate.html</Path>
                    <Name>Overview</Name>
                    <Anchor>overview</Anchor>
                </Node>
                <Node type="section">
                    <Path>Protocols/IFlySpeechSynthesizerDelegate.html</Path>
                    <Name>Tasks</Name>
                    <Anchor>tasks</Anchor>
                </Node>
                
                
                
                <Node type="section">
                    <Path>Protocols/IFlySpeechSynthesizerDelegate.html</Path>
                    <Name>Instance Methods</Name>
                    <Anchor>instance_methods</Anchor>
                </Node>
                
            </Subnodes>
            
        </Node>
		<Node id="24" type="file" documentType="reference">
            <Name>IFlySpeechplusDelegate</Name>
            <Path>Protocols/IFlySpeechplusDelegate.html</Path>
            
                <Subnodes>
                <Node type="section">
                    <Path>Protocols/IFlySpeechplusDelegate.html</Path>
                    <Name>Overview</Name>
                    <Anchor>overview</Anchor>
                </Node>
                <Node type="section">
                    <Path>Protocols/IFlySpeechplusDelegate.html</Path>
                    <Name>Tasks</Name>
                    <Anchor>tasks</Anchor>
                </Node>
                
                
                
                <Node type="section">
                    <Path>Protocols/IFlySpeechplusDelegate.html</Path>
                    <Name>Instance Methods</Name>
                    <Anchor>instance_methods</Anchor>
                </Node>
                
            </Subnodes>
            
        </Node>
		
        <Node id="25" type="file" documentType="reference">
            <Name>IFlyEngineMode</Name>
            <Path>Constants/IFlyEngineMode.html</Path>
            
        </Node>
		<Node id="26" type="file" documentType="reference">
            <Name>IFlySpeechEventType</Name>
            <Path>Constants/IFlySpeechEventType.html</Path>
            
        </Node>
		<Node id="27" type="file" documentType="reference">
            <Name>IFlySpeechPlusServiceType</Name>
            <Path>Constants/IFlySpeechPlusServiceType.html</Path>
            
        </Node>
		<Node id="28" type="file" documentType="reference">
            <Name>LOG_LEVEL</Name>
            <Path>Constants/LOG_LEVEL.html</Path>
            
        </Node>
		
        <Node id="29" type="file" documentType="reference">
            <Name>IFlyOnBuildFinishCompletionHandler</Name>
            <Path>Blocks/IFlyOnBuildFinishCompletionHandler.html</Path>
            
        </Node>
        <Node id="30" type="file" documentType="reference">
            <Name>IFlyUnderstandTextCompletionHandler</Name>
            <Path>Blocks/IFlyUnderstandTextCompletionHandler.html</Path>
            
        </Node>
        <Node id="31" type="file" documentType="reference">
            <Name>IFlyUploadDataCompletionHandler</Name>
            <Path>Blocks/IFlyUploadDataCompletionHandler.html</Path>
            
        </Node>
        
	</Library>
</DocSetNodes>