<?xml version="1.0" encoding="UTF-8"?>
<Tokens version="1.0">
	<File path="Protocols/IFlyISVDelegate.html">
		
		<Token>
			<TokenIdentifier>//apple_ref/occ/intf/IFlyISVDelegate</TokenIdentifier>
			<Abstract type="html">声纹回调协议</Abstract>
			<DeclaredIn>IFlyISVDelegate.h</DeclaredIn>
            
			
			<NodeRef refid="18"/>
		</Token>
		
		
		<Token>
			<TokenIdentifier>//apple_ref/occ/intfm/IFlyISVDelegate/onResult:</TokenIdentifier>
			<Abstract type="html">声纹结果回调</Abstract>
			<DeclaredIn>IFlyISVDelegate.h</DeclaredIn>
			
			<Declaration>- (void)onResult:(NSDictionary *)dic</Declaration>
			<Parameters>
				<Parameter>
					<Name>dic</Name>
					<Abstract type="html">结果</Abstract>
				</Parameter>
			</Parameters>
			
			<Anchor>//api/name/onResult:</Anchor>
            <NodeRef refid="18"/>
		</Token>
		
		<Token>
			<TokenIdentifier>//apple_ref/occ/intfm/IFlyISVDelegate/onError:</TokenIdentifier>
			<Abstract type="html">错误码回调</Abstract>
			<DeclaredIn>IFlyISVDelegate.h</DeclaredIn>
			
			<Declaration>- (void)onError:(IFlySpeechError *)errorCode</Declaration>
			<Parameters>
				<Parameter>
					<Name>errorCode</Name>
					<Abstract type="html">错误码</Abstract>
				</Parameter>
			</Parameters>
			
			<Anchor>//api/name/onError:</Anchor>
            <NodeRef refid="18"/>
		</Token>
		
		<Token>
			<TokenIdentifier>//apple_ref/occ/intfm/IFlyISVDelegate/onRecognition</TokenIdentifier>
			<Abstract type="html">等待结果</Abstract>
			<DeclaredIn>IFlyISVDelegate.h</DeclaredIn>
			
			<Declaration>- (void)onRecognition</Declaration>
			
			
			<Anchor>//api/name/onRecognition</Anchor>
            <NodeRef refid="18"/>
		</Token>
		
		<Token>
			<TokenIdentifier>//apple_ref/occ/intfm/IFlyISVDelegate/onVolumeChanged:</TokenIdentifier>
			<Abstract type="html">音量改变回调</Abstract>
			<DeclaredIn>IFlyISVDelegate.h</DeclaredIn>
			
			<Declaration>- (void)onVolumeChanged:(int)volume</Declaration>
			<Parameters>
				<Parameter>
					<Name>volume</Name>
					<Abstract type="html">音量值</Abstract>
				</Parameter>
			</Parameters>
			
			<Anchor>//api/name/onVolumeChanged:</Anchor>
            <NodeRef refid="18"/>
		</Token>
		
        
        
	</File>
</Tokens>