<?xml version="1.0" encoding="UTF-8"?>
<Tokens version="1.0">
	<File path="Protocols/IFlySpeechEvaluatorDelegate.html">
		
		<Token>
			<TokenIdentifier>//apple_ref/occ/intf/IFlySpeechEvaluatorDelegate</TokenIdentifier>
			<Abstract type="html">评测协议</Abstract>
			<DeclaredIn>IFlySpeechEvaluatorDelegate.h</DeclaredIn>
            
			
			<NodeRef refid="21"/>
		</Token>
		
		
		<Token>
			<TokenIdentifier>//apple_ref/occ/intfm/IFlySpeechEvaluatorDelegate/onVolumeChanged:buffer:</TokenIdentifier>
			<Abstract type="html">音量和数据回调</Abstract>
			<DeclaredIn>IFlySpeechEvaluatorDelegate.h</DeclaredIn>
			
			<Declaration>- (void)onVolumeChanged:(int)volume buffer:(NSData *)buffer</Declaration>
			<Parameters>
				<Parameter>
					<Name>volume</Name>
					<Abstract type="html">音量</Abstract>
				</Parameter><Parameter>
					<Name>buffer</Name>
					<Abstract type="html">音频数据</Abstract>
				</Parameter>
			</Parameters>
			
			<Anchor>//api/name/onVolumeChanged:buffer:</Anchor>
            <NodeRef refid="21"/>
		</Token>
		
		<Token>
			<TokenIdentifier>//apple_ref/occ/intfm/IFlySpeechEvaluatorDelegate/onBeginOfSpeech</TokenIdentifier>
			<Abstract type="html">开始录音回调
当调用了startListening函数之后，如果没有发生错误则会回调此函数。如果发生错误则回调onError:函数</Abstract>
			<DeclaredIn>IFlySpeechEvaluatorDelegate.h</DeclaredIn>
			
			<Declaration>- (void)onBeginOfSpeech</Declaration>
			
			
			<Anchor>//api/name/onBeginOfSpeech</Anchor>
            <NodeRef refid="21"/>
		</Token>
		
		<Token>
			<TokenIdentifier>//apple_ref/occ/intfm/IFlySpeechEvaluatorDelegate/onEndOfSpeech</TokenIdentifier>
			<Abstract type="html">停止录音回调
当调用了stopListening函数或者引擎内部自动检测到断点，如果没有发生错误则回调此函数。
如果发生错误则回调onError:函数</Abstract>
			<DeclaredIn>IFlySpeechEvaluatorDelegate.h</DeclaredIn>
			
			<Declaration>- (void)onEndOfSpeech</Declaration>
			
			
			<Anchor>//api/name/onEndOfSpeech</Anchor>
            <NodeRef refid="21"/>
		</Token>
		
		<Token>
			<TokenIdentifier>//apple_ref/occ/intfm/IFlySpeechEvaluatorDelegate/onCancel</TokenIdentifier>
			<Abstract type="html">正在取消</Abstract>
			<DeclaredIn>IFlySpeechEvaluatorDelegate.h</DeclaredIn>
			
			<Declaration>- (void)onCancel</Declaration>
			
			
			<Anchor>//api/name/onCancel</Anchor>
            <NodeRef refid="21"/>
		</Token>
		
		<Token>
			<TokenIdentifier>//apple_ref/occ/intfm/IFlySpeechEvaluatorDelegate/onError:</TokenIdentifier>
			<Abstract type="html">评测错误回调
在进行语音评测过程中的任何时刻都有可能回调此函数，你可以根据errorCode进行相应的处理.
当errorCode没有错误时，表示此次会话正常结束，否则，表示此次会话有错误发生。特别的当调用
cancel函数时，引擎不会自动结束，需要等到回调此函数，才表示此次会话结束。在没有回调此函
数之前如果重新调用了startListenging函数则会报错误。</Abstract>
			<DeclaredIn>IFlySpeechEvaluatorDelegate.h</DeclaredIn>
			
			<Declaration>- (void)onError:(IFlySpeechError *)errorCode</Declaration>
			<Parameters>
				<Parameter>
					<Name>errorCode</Name>
					<Abstract type="html">错误描述类</Abstract>
				</Parameter>
			</Parameters>
			
			<Anchor>//api/name/onError:</Anchor>
            <NodeRef refid="21"/>
		</Token>
		
		<Token>
			<TokenIdentifier>//apple_ref/occ/intfm/IFlySpeechEvaluatorDelegate/onResults:isLast:</TokenIdentifier>
			<Abstract type="html">评测结果回调
在评测过程中可能会多次回调此函数，你最好不要在此回调函数中进行界面的更改等操作，只需要将回调的结果保存起来。</Abstract>
			<DeclaredIn>IFlySpeechEvaluatorDelegate.h</DeclaredIn>
			
			<Declaration>- (void)onResults:(NSData *)results isLast:(BOOL)isLast</Declaration>
			<Parameters>
				<Parameter>
					<Name>results</Name>
					<Abstract type="html">-[out] 评测结果。</Abstract>
				</Parameter><Parameter>
					<Name>isLast</Name>
					<Abstract type="html">-[out] 是否最后一条结果</Abstract>
				</Parameter>
			</Parameters>
			
			<Anchor>//api/name/onResults:isLast:</Anchor>
            <NodeRef refid="21"/>
		</Token>
		
        
        
	</File>
</Tokens>