<?xml version="1.0" encoding="UTF-8"?>
<Tokens version="1.0">
	<File path="Classes/IFlySpeechError.html">
		
		<Token>
			<TokenIdentifier>//apple_ref/occ/cl/IFlySpeechError</TokenIdentifier>
			<Abstract type="html">错误描述类</Abstract>
			<DeclaredIn>IFlySpeechError.h</DeclaredIn>
            
			
			<NodeRef refid="10"/>
		</Token>
		
		
		<Token>
			<TokenIdentifier>//apple_ref/occ/instm/IFlySpeechError/setErrorCode:</TokenIdentifier>
			<Abstract type="html">错误码</Abstract>
			<DeclaredIn>IFlySpeechError.h</DeclaredIn>
			
			<Declaration>@property (nonatomic, assign) int errorCode</Declaration>
			
			
			<Anchor>//api/name/errorCode</Anchor>
            <NodeRef refid="10"/>
		</Token>
		
		<Token>
			<TokenIdentifier>//apple_ref/occ/instm/IFlySpeechError/errorCode</TokenIdentifier>
			<Abstract type="html">错误码</Abstract>
			<DeclaredIn>IFlySpeechError.h</DeclaredIn>
			
			<Declaration>@property (nonatomic, assign) int errorCode</Declaration>
			
			
			<Anchor>//api/name/errorCode</Anchor>
            <NodeRef refid="10"/>
		</Token>
		
		<Token>
			<TokenIdentifier>//apple_ref/occ/instp/IFlySpeechError/errorCode</TokenIdentifier>
			<Abstract type="html">错误码</Abstract>
			<DeclaredIn>IFlySpeechError.h</DeclaredIn>
			
			<Declaration>@property (nonatomic, assign) int errorCode</Declaration>
			
			
			<Anchor>//api/name/errorCode</Anchor>
            <NodeRef refid="10"/>
		</Token>
		
		<Token>
			<TokenIdentifier>//apple_ref/occ/instm/IFlySpeechError/setErrorType:</TokenIdentifier>
			<Abstract type="html">错误码类</Abstract>
			<DeclaredIn>IFlySpeechError.h</DeclaredIn>
			
			<Declaration>@property (nonatomic, assign) int errorType</Declaration>
			
			
			<Anchor>//api/name/errorType</Anchor>
            <NodeRef refid="10"/>
		</Token>
		
		<Token>
			<TokenIdentifier>//apple_ref/occ/instm/IFlySpeechError/errorType</TokenIdentifier>
			<Abstract type="html">错误码类</Abstract>
			<DeclaredIn>IFlySpeechError.h</DeclaredIn>
			
			<Declaration>@property (nonatomic, assign) int errorType</Declaration>
			
			
			<Anchor>//api/name/errorType</Anchor>
            <NodeRef refid="10"/>
		</Token>
		
		<Token>
			<TokenIdentifier>//apple_ref/occ/instp/IFlySpeechError/errorType</TokenIdentifier>
			<Abstract type="html">错误码类</Abstract>
			<DeclaredIn>IFlySpeechError.h</DeclaredIn>
			
			<Declaration>@property (nonatomic, assign) int errorType</Declaration>
			
			
			<Anchor>//api/name/errorType</Anchor>
            <NodeRef refid="10"/>
		</Token>
		
		<Token>
			<TokenIdentifier>//apple_ref/occ/instm/IFlySpeechError/setErrorDesc:</TokenIdentifier>
			<Abstract type="html">错误描述</Abstract>
			<DeclaredIn>IFlySpeechError.h</DeclaredIn>
			
			<Declaration>@property (nonatomic, retain) NSString *errorDesc</Declaration>
			
			
			<Anchor>//api/name/errorDesc</Anchor>
            <NodeRef refid="10"/>
		</Token>
		
		<Token>
			<TokenIdentifier>//apple_ref/occ/instm/IFlySpeechError/errorDesc</TokenIdentifier>
			<Abstract type="html">错误描述</Abstract>
			<DeclaredIn>IFlySpeechError.h</DeclaredIn>
			
			<Declaration>@property (nonatomic, retain) NSString *errorDesc</Declaration>
			
			
			<Anchor>//api/name/errorDesc</Anchor>
            <NodeRef refid="10"/>
		</Token>
		
		<Token>
			<TokenIdentifier>//apple_ref/occ/instp/IFlySpeechError/errorDesc</TokenIdentifier>
			<Abstract type="html">错误描述</Abstract>
			<DeclaredIn>IFlySpeechError.h</DeclaredIn>
			
			<Declaration>@property (nonatomic, retain) NSString *errorDesc</Declaration>
			
			
			<Anchor>//api/name/errorDesc</Anchor>
            <NodeRef refid="10"/>
		</Token>
		
		<Token>
			<TokenIdentifier>//apple_ref/occ/clm/IFlySpeechError/initWithError:</TokenIdentifier>
			<Abstract type="html">初始化</Abstract>
			<DeclaredIn>IFlySpeechError.h</DeclaredIn>
			
			<Declaration>+ (instancetype)initWithError:(int)errorCode</Declaration>
			<Parameters>
				<Parameter>
					<Name>errorCode</Name>
					<Abstract type="html">-[in] 错误码</Abstract>
				</Parameter>
			</Parameters>
			<ReturnValue><Abstract type="html">IFlySpeechError对象</Abstract></ReturnValue>
			<Anchor>//api/name/initWithError:</Anchor>
            <NodeRef refid="10"/>
		</Token>
		
		<Token>
			<TokenIdentifier>//apple_ref/occ/instm/IFlySpeechError/errorCode</TokenIdentifier>
			<Abstract type="html">获取错误码</Abstract>
			<DeclaredIn>IFlySpeechError.h</DeclaredIn>
			
			<Declaration>- (int)errorCode</Declaration>
			
			<ReturnValue><Abstract type="html">错误码</Abstract></ReturnValue>
			<Anchor>//api/name/errorCode</Anchor>
            <NodeRef refid="10"/>
		</Token>
		
		<Token>
			<TokenIdentifier>//apple_ref/occ/instm/IFlySpeechError/errorDesc</TokenIdentifier>
			<Abstract type="html">获取错误描述</Abstract>
			<DeclaredIn>IFlySpeechError.h</DeclaredIn>
			
			<Declaration>- (NSString *)errorDesc</Declaration>
			
			<ReturnValue><Abstract type="html">错误描述</Abstract></ReturnValue>
			<Anchor>//api/name/errorDesc</Anchor>
            <NodeRef refid="10"/>
		</Token>
		
        
        
	</File>
</Tokens>